id;model;engine;serial_no
1;San Marino model Games;compelling Maryland;Liaison Arizona
2;one-to-one;cross-media maroon Profit-focused;reinvent Bike
3;Savings Account Park Papua New Guinea;Auto Loan Account Security Health;Forward Front-line non-volatile
4;throughput;application parsing;24 hour web-readiness
5;Sleek;generate Plastic New Mexico;Northern Mariana Islands salmon orchestrate
6;optimize Sausages;Handmade;wireless motivating connecting
7;Cambridgeshire;Fully-configurable Handcrafted Soft Table;Tennessee
8;bypassing functionalities Investment Account;complexity programming attitude;Profound Global
9;Ethiopian Birr Ohio;scalable Personal Loan Account synthesize;Sleek Steel Sausages
10;National;SCSI Bedfordshire Officer;optical Customizable Concrete
